{
  "name": "manifest",
  "version": "1.3.6",
  "title": "Manifest",
  "description": "A jQuery plugin that adds delight to selecting multiple values for an input.",
  "keywords": [
    "jquery",
    "plugin",
    "autocomplete",
    "autosuggest",
    "search",
    "ajax",
    "input",
    "select",
    "multiple",
    "values",
    "value"
  ],
  "homepage": "https://github.com/jstayton/jquery-manifest",
  "author": {
    "name": "Justin Stayton",
    "url": "http://justinstayton.com"
  },
  "bugs": "https://github.com/jstayton/jquery-manifest/issues",
  "licenses": [
    {
      "type": "MIT",
      "url": "https://github.com/jstayton/jquery-manifest/blob/master/LICENSE-MIT"
    }
  ],
  "dependencies": {
    "jquery": ">=1.5",
    "jquery-marcopolo": "~1.8.0"
  },
  "docs": "https://github.com/jstayton/jquery-manifest/blob/master/README.md",
  "demo": "http://jstayton.github.com/jquery-manifest"
}